"neighborhood","price","bedrooms","bathrooms","house size","description","neighborhood description"
"Green Oaks","$800,000",3,2,"2,000 sqft","Welcome to this eco-friendly oasis nestled in the heart of Green Oaks. This charming 3-bedroom, 2-bathroom home boasts energy-efficient features such as solar panels and a well-insulated structure. Natural light floods the living spaces, highlighting the beautiful hardwood floors and eco-conscious finishes. The open-concept kitchen and dining area lead to a spacious backyard with a vegetable garden, perfect for the eco-conscious family. Embrace sustainable living without compromising on style in this Green Oaks gem.","Green Oaks is a close-knit, environmentally-conscious community with access to organic grocery stores, community gardens, and bike paths. Take a stroll through the nearby Green Oaks Park or grab a cup of coffee at the cozy Green Bean Cafe. With easy access to public transportation and bike lanes, commuting is a breeze."
"Willow Creek","$650,000",4,3,"2,500 sqft","Welcome to this spacious family home in the desirable Willow Creek neighborhood. With 4 bedrooms and 3 bathrooms, there is plenty of space for everyone. The updated kitchen features granite countertops and stainless steel appliances, perfect for the home chef. The master suite offers a walk-in closet and a luxurious en-suite bathroom. The backyard is an entertainer's dream with a patio and a large pool. Don't miss out on this Willow Creek gem!","Willow Creek is a family-friendly neighborhood with top-rated schools and beautiful parks. Enjoy the convenience of nearby shopping centers and restaurants. With easy access to major highways, commuting to downtown is a breeze."
"Oakwood Heights","$1,200,000",5,4,"3,800 sqft","Welcome to this stunning custom-built home in the prestigious Oakwood Heights neighborhood. This luxurious 5-bedroom, 4-bathroom residence offers high-end finishes and impeccable attention to detail. The gourmet kitchen features top-of-the-line appliances and a large island, perfect for entertaining. The master suite is a true retreat with a spa-like bathroom and a private balcony overlooking the backyard oasis. The outdoor space features a pool, spa, and a covered patio with a built-in BBQ. Live in luxury in Oakwood Heights!","Oakwood Heights is an exclusive neighborhood known for its tree-lined streets and upscale homes. Enjoy the tranquility of the nearby Oakwood Heights Park or indulge in the shopping and dining options at the nearby Oakwood Heights Plaza. With easy access to major freeways, this neighborhood offers the perfect balance of privacy and convenience."
"Riverfront Estates","$950,000",4,3,"3,200 sqft","Welcome to this beautiful waterfront home in the desirable Riverfront Estates. With 4 bedrooms and 3 bathrooms, this spacious home offers stunning views of the river and direct access to a private dock. The open-concept living area features high ceilings and large windows, allowing for abundant natural light. The master suite boasts a walk-in closet and a luxurious en-suite bathroom. Enjoy outdoor living on the expansive deck overlooking the river. Don't miss out on this riverfront oasis!","Riverfront Estates is a prestigious community known for its waterfront properties and scenic views. Residents can enjoy boating, fishing, and other water activities right from their backyard. The neighborhood is also conveniently located near shopping centers, restaurants, and recreational amenities. Experience luxury living in Riverfront Estates!"
"Maplewood Heights","$550,000",3,2,"1,800 sqft","Welcome to this charming home in the sought-after Maplewood Heights neighborhood. This 3-bedroom, 2-bathroom residence offers a cozy living space with a fireplace and hardwood floors. The updated kitchen features granite countertops and stainless steel appliances. The backyard is perfect for outdoor entertaining with a patio and a spacious lawn. Don't miss out on this Maplewood Heights gem!","Maplewood Heights is a family-friendly neighborhood with tree-lined streets and well-maintained homes. Residents can enjoy the nearby Maplewood Heights Park, which offers playgrounds, sports fields, and picnic areas. The neighborhood is also conveniently located near schools, shopping centers, and public transportation. Experience the charm of Maplewood Heights!"
"Sunset Ridge","$750,000",4,3,"2,300 sqft","Welcome to this beautifully updated home in the desirable Sunset Ridge neighborhood. This 4-bedroom, 3-bathroom residence offers a spacious open floor plan with high ceilings and abundant natural light. The gourmet kitchen features quartz countertops and a large island, perfect for entertaining. The master suite offers a walk-in closet and a luxurious en-suite bathroom. The backyard is an entertainer's dream with a covered patio and a built-in BBQ. Don't miss out on this Sunset Ridge gem!","Sunset Ridge is a picturesque neighborhood with stunning views of the surrounding hills. Residents can enjoy the nearby Sunset Ridge Park, which offers walking trails and picnic areas. The neighborhood is also conveniently located near shopping centers, restaurants, and top-rated schools. Experience the beauty of Sunset Ridge!"
"Harbor View","$900,000",5,4,"3,500 sqft","Welcome to this stunning waterfront home in the exclusive Harbor View neighborhood. This luxurious 5-bedroom, 4-bathroom residence offers breathtaking views of the harbor and direct access to a private dock. The open-concept living area features high ceilings and large windows, allowing for panoramic water views. The gourmet kitchen features top-of-the-line appliances and a large island, perfect for entertaining. The master suite is a true retreat with a spa-like bathroom and a private balcony overlooking the harbor. Enjoy outdoor living on the spacious deck and patio. Live the waterfront lifestyle in Harbor View!","Harbor View is a prestigious waterfront community known for its luxury homes and marina. Residents can enjoy boating, sailing, and other water activities right from their backyard. The neighborhood is also conveniently located near shopping centers, restaurants, and recreational amenities. Experience waterfront living in Harbor View!"
"Rosewood Estates","$1,500,000",6,5,"4,500 sqft","Welcome to this exquisite estate in the prestigious Rosewood Estates. This custom-built 6-bedroom, 5-bathroom residence offers unparalleled luxury and elegance. The grand foyer welcomes you into the home, leading to the formal living and dining rooms. The gourmet kitchen features high-end appliances and a large island, perfect for entertaining. The master suite is a true retreat with a sitting area, a fireplace, and a spa-like bathroom. The outdoor space is an entertainer's dream with a pool, spa, and a covered patio with a built-in BBQ. Live in luxury in Rosewood Estates!","Rosewood Estates is an exclusive gated community known for its expansive properties and privacy. The neighborhood offers a serene and tranquil setting with beautifully landscaped gardens and tree-lined streets. Residents can enjoy the nearby Rosewood Estates Golf Club and other recreational amenities. Experience the epitome of luxury in Rosewood Estates!"
"Willowbrook","$600,000",3,2,"1,900 sqft","Welcome to this charming home in the desirable Willowbrook neighborhood. This 3-bedroom, 2-bathroom residence offers a cozy living space with a fireplace and hardwood floors. The kitchen features granite countertops and a breakfast bar. The backyard is perfect for outdoor entertaining with a patio and a garden. Don't miss out on this Willowbrook gem!","Willowbrook is a family-friendly neighborhood with a strong sense of community. Residents can enjoy the nearby Willowbrook Park, which offers playgrounds, sports fields, and walking trails. The neighborhood is also conveniently located near schools, shopping centers, and public transportation. Experience the charm of Willowbrook!"
"Oakridge Heights","$1,100,000",4,3,"3,000 sqft","Welcome to this stunning home in the prestigious Oakridge Heights neighborhood. This 4-bedroom, 3-bathroom residence offers high-end finishes and impeccable attention to detail. The open-concept living area features soaring ceilings and large windows, allowing for abundant natural light. The gourmet kitchen features top-of-the-line appliances and a large island, perfect for entertaining. The master suite is a true retreat with a spa-like bathroom and a private balcony. The backyard is an entertainer's dream with a pool, spa, and a covered patio. Live in luxury in Oakridge Heights!","Oakridge Heights is an exclusive neighborhood known for its luxurious homes and breathtaking views. Residents can enjoy the nearby Oakridge Heights Park, which offers walking trails and picnic areas. The neighborhood is also conveniently located near shopping centers, restaurants, and top-rated schools. Experience the beauty of Oakridge Heights!"
"Riverbend","$700,000",4,3,"2,400 sqft","Welcome to this beautiful home in the desirable Riverbend neighborhood. This 4-bedroom, 3-bathroom residence offers a spacious open floor plan with high ceilings and abundant natural light. The updated kitchen features quartz countertops and a large island, perfect for entertaining. The master suite offers a walk-in closet and a luxurious en-suite bathroom. The backyard is an oasis with a covered patio and a lush lawn. Don't miss out on this Riverbend gem!","Riverbend is a picturesque neighborhood with tree-lined streets and well-maintained homes. Residents can enjoy the nearby Riverbend Park, which offers walking trails and a playground. The neighborhood is also conveniently located near shopping centers, restaurants, and top-rated schools. Experience the beauty of Riverbend!"
"Maplewood Terrace","$500,000",2,1,"1,200 sqft","Welcome to this cozy home in the sought-after Maplewood Terrace neighborhood. This 2-bedroom, 1-bathroom residence offers a comfortable living space with hardwood floors and a fireplace. The kitchen features granite countertops and a breakfast nook. The backyard is perfect for outdoor entertaining with a patio and a garden. Don't miss out on this Maplewood Terrace gem!","Maplewood Terrace is a charming neighborhood with a mix of single-family homes and townhouses. Residents can enjoy the nearby Maplewood Terrace Park, which offers playgrounds and picnic areas. The neighborhood is also conveniently located near schools, shopping centers, and public transportation. Experience the charm of Maplewood Terrace!"
"Sunset Hills","$800,000",4,3,"2,500 sqft","Welcome to this beautifully updated home in the desirable Sunset Hills neighborhood. This 4-bedroom, 3-bathroom residence offers a spacious open floor plan with high ceilings and abundant natural light. The gourmet kitchen features quartz countertops and a large island, perfect for entertaining. The master suite offers a walk-in closet and a luxurious en-suite bathroom. The backyard is an entertainer's dream with a covered patio and a built-in BBQ. Don't miss out on this Sunset Hills gem!","Sunset Hills is a picturesque neighborhood with stunning views of the surrounding hills. Residents can enjoy the nearby Sunset Hills Park, which offers walking trails and picnic areas. The neighborhood is also conveniently located near shopping centers, restaurants, and top-rated schools. Experience the beauty of Sunset Hills!"
"Harbor Point","$950,000",3,2,"2,000 sqft","Welcome to this waterfront home in the exclusive Harbor Point neighborhood. This 3-bedroom, 2-bathroom residence offers stunning views of the harbor and direct access to a private dock. The open-concept living area features high ceilings and large windows, allowing for panoramic water views. The kitchen features granite countertops and a breakfast bar. The backyard is perfect for outdoor entertaining with a patio and a spa. Live the waterfront lifestyle in Harbor Point!","Harbor Point is a prestigious waterfront community known for its luxury homes and marina. Residents can enjoy boating, sailing, and other water activities right from their backyard. The neighborhood is also conveniently located near shopping centers, restaurants, and recreational amenities. Experience waterfront living in Harbor Point!"
"Rosewood Terrace","$1,200,000",5,4,"3,500 sqft","Welcome to this stunning home in the prestigious Rosewood Terrace neighborhood. This 5-bedroom, 4-bathroom residence offers high-end finishes and impeccable attention to detail. The grand foyer welcomes you into the home, leading to the formal living and dining rooms. The gourmet kitchen features top-of-the-line appliances and a large island, perfect for entertaining. The master suite is a true retreat with a sitting area, a fireplace, and a spa-like bathroom. The outdoor space is an entertainer's dream with a pool, spa, and a covered patio with a built-in BBQ. Live in luxury in Rosewood Terrace!","Rosewood Terrace is an exclusive gated community known for its expansive properties and privacy. The neighborhood offers a serene and tranquil setting with beautifully landscaped gardens and tree-lined streets. Residents can enjoy the nearby Rosewood Terrace Golf Club and other recreational amenities. Experience the epitome of luxury in Rosewood Terrace!"
"Willow Grove","$550,000",3,2,"1,800 sqft","Welcome to this charming home in the desirable Willow Grove neighborhood. This 3-bedroom, 2-bathroom residence offers a cozy living space with a fireplace and hardwood floors. The kitchen features granite countertops and a breakfast nook. The backyard is perfect for outdoor entertaining with a patio and a garden. Don't miss out on this Willow Grove gem!","Willow Grove is a family-friendly neighborhood with tree-lined streets and well-maintained homes. Residents can enjoy the nearby Willow Grove Park, which offers playgrounds, sports fields, and walking trails. The neighborhood is also conveniently located near schools, shopping centers, and public transportation. Experience the charm of Willow Grove!"
"Oakwood Terrace","$1,000,000",4,3,"2,800 sqft","Welcome to this stunning home in the prestigious Oakwood Terrace neighborhood. This 4-bedroom, 3-bathroom residence offers high-end finishes and impeccable attention to detail. The open-concept living area features soaring ceilings and large windows, allowing for abundant natural light. The gourmet kitchen features top-of-the-line appliances and a large island, perfect for entertaining. The master suite is a true retreat with a spa-like bathroom and a private balcony. The backyard is an entertainer's dream with a pool, spa, and a covered patio. Live in luxury in Oakwood Terrace!","Oakwood Terrace is an exclusive neighborhood known for its luxurious homes and breathtaking views. Residents can enjoy the nearby Oakwood Terrace Park, which offers walking trails and picnic areas. The neighborhood is also conveniently located near shopping centers, restaurants, and top-rated schools. Experience the beauty of Oakwood Terrace!"
